{"enemyPos":{"x":-4.546606063842773,"y":-1.9571137428283692},"enemyHp":80,"enemyDied":false}