{"playerPos":{"x":-5.630000114440918,"y":-1.928035020828247},"playerHp":100,"playerDied":false}